<?xml version="1.0" encoding="UTF-8"?>
<metadata xml:lang="en"><Esri><CreaDate>20120130</CreaDate><CreaTime>08333800</CreaTime><ArcGISstyle>FGDC CSDGM Metadata</ArcGISstyle><SyncOnce>FALSE</SyncOnce><DataProperties><itemProps><itemSize Sync="TRUE">0.661</itemSize><itemLocation><linkage Sync="TRUE">file://\\czmcauwork\czmshared\Morris\GIS_data\regulatory_bounds\cstzone\cstzone_poly</linkage><protocol Sync="TRUE">Local Area Network</protocol></itemLocation><itemName Sync="TRUE">cstzone_poly</itemName><imsContentType Sync="TRUE">002</imsContentType><nativeExtBox><westBL Sync="TRUE">213189.344200</westBL><eastBL Sync="TRUE">336460.464400</eastBL><southBL Sync="TRUE">772062.503500</southBL><northBL Sync="TRUE">958708.483400</northBL><exTypeCode Sync="TRUE">1</exTypeCode></nativeExtBox></itemProps><coordRef><type Sync="TRUE">Projected</type><geogcsn Sync="TRUE">GCS_North_American_1983</geogcsn><csUnits Sync="TRUE">Linear Unit: Meter (1.000000)</csUnits><projcsn Sync="TRUE">NAD_1983_StatePlane_Massachusetts_Mainland_FIPS_2001</projcsn><peXml Sync="TRUE">&lt;ProjectedCoordinateSystem xsi:type='typens:ProjectedCoordinateSystem' xmlns:xsi='http://www.w3.org/2001/XMLSchema-instance' xmlns:xs='http://www.w3.org/2001/XMLSchema' xmlns:typens='http://www.esri.com/schemas/ArcGIS/10.0'&gt;&lt;WKT&gt;PROJCS[&amp;quot;NAD_1983_StatePlane_Massachusetts_Mainland_FIPS_2001&amp;quot;,GEOGCS[&amp;quot;GCS_North_American_1983&amp;quot;,DATUM[&amp;quot;D_North_American_1983&amp;quot;,SPHEROID[&amp;quot;GRS_1980&amp;quot;,6378137.0,298.257222101]],PRIMEM[&amp;quot;Greenwich&amp;quot;,0.0],UNIT[&amp;quot;Degree&amp;quot;,0.0174532925199433]],PROJECTION[&amp;quot;Lambert_Conformal_Conic&amp;quot;],PARAMETER[&amp;quot;False_Easting&amp;quot;,200000.0],PARAMETER[&amp;quot;False_Northing&amp;quot;,750000.0],PARAMETER[&amp;quot;Central_Meridian&amp;quot;,-71.5],PARAMETER[&amp;quot;Standard_Parallel_1&amp;quot;,41.71666666666667],PARAMETER[&amp;quot;Standard_Parallel_2&amp;quot;,42.68333333333333],PARAMETER[&amp;quot;Latitude_Of_Origin&amp;quot;,41.0],UNIT[&amp;quot;Meter&amp;quot;,1.0],AUTHORITY[&amp;quot;EPSG&amp;quot;,26986]]&lt;/WKT&gt;&lt;XOrigin&gt;-36530900&lt;/XOrigin&gt;&lt;YOrigin&gt;-28803200&lt;/YOrigin&gt;&lt;XYScale&gt;122610652.81195112&lt;/XYScale&gt;&lt;ZOrigin&gt;-100000&lt;/ZOrigin&gt;&lt;ZScale&gt;10000&lt;/ZScale&gt;&lt;MOrigin&gt;-100000&lt;/MOrigin&gt;&lt;MScale&gt;10000&lt;/MScale&gt;&lt;XYTolerance&gt;0.001&lt;/XYTolerance&gt;&lt;ZTolerance&gt;0.001&lt;/ZTolerance&gt;&lt;MTolerance&gt;0.001&lt;/MTolerance&gt;&lt;HighPrecision&gt;true&lt;/HighPrecision&gt;&lt;WKID&gt;26986&lt;/WKID&gt;&lt;/ProjectedCoordinateSystem&gt;</peXml></coordRef><copyHistory><copy source="W:\Morris\GIS_data\regulatory_bounds\cstzone_poly" dest="\\czmcauwork\czmshared\Morris\GIS_data\regulatory_bounds\cstzone\cstzone_poly" date="20120130" time="08333800"/></copyHistory></DataProperties><SyncDate>20120127</SyncDate><SyncTime>14544100</SyncTime><ModDate>20120127</ModDate><ModTime>14544100</ModTime><ArcGISProfile>FGDC</ArcGISProfile></Esri><idinfo><keywords><place><placekt>NASA/Global Change Master Directory (GCMD) Earth Science Keywords. Version 6.0.0.0.0</placekt><placekey>Continent &gt; North America &gt; United States of America &gt; Massachusetts</placekey><placekey>Ocean &gt; Atlantic Ocean &gt; North Atlantic Ocean</placekey><placekey>Ocean &gt; Atlantic Ocean &gt; North Atlantic Ocean &gt; Gulf Of Maine</placekey></place><place><placekey>Gulf of Maine</placekey><placekt>U.S. Board on Geographic Names</placekt><placekey>Massachusetts</placekey></place><theme><themekey>Human Dimensions &gt; Boundaries &gt; Administrative Divisions</themekey><themekt>NASA/Global Change Master Directory (GCMD) Earth Science Keywords. Version 6.0.0.0.0</themekt></theme><theme><themekey>coastal zone management</themekey><themekey>CZM</themekey><themekey>law</themekey><themekey>policy</themekey><themekey>jurisdiction</themekey><themekey>boundary</themekey><themekey>boundaries</themekey><themekey>Massachusetts Coastal Zone Management Act</themekey><themekey>Coastal Zone Management Act</themekey><themekey>CZMA</themekey><themekey>coastal zone</themekey><themekey>coastal zone boundary</themekey><themekey>Massachusetts coastal zone</themekey><themekey>Massachusetts coastal zone boundary</themekey><themekt>None</themekt></theme><theme><themekey>boundaries</themekey><themekey>environment</themekey><themekt>ISO 19115 Topic Categories</themekt></theme></keywords><citation><citeinfo><origin>Massachusetts Office of Coastal Zone Management</origin><title>Massachusetts Coastal Zone</title><pubdate>20111004</pubdate><geoform>vector digital data</geoform><onlink>http://www.mass.gov/mgis/cstzone.htm</onlink><onlink>http://www.mass.gov/czm/mapping/index.htm</onlink><onlink>http://www.mass.gov/czm/mapping/czboundary.htm</onlink></citeinfo></citation><timeperd><current>publication date</current><timeinfo><sngdate><caldate>20111004</caldate></sngdate></timeinfo></timeperd><status><progress>Complete</progress><update>As needed</update></status><accconst>None. These data are in the public domain. GIS files are freely available for download.</accconst><useconst>Public domain data from the Massachusetts Office of Coastal Zone Management (CZM), an agency of the Commonwealth of Massachusetts Executive Office of Energy and Environmental Affairs (EEA), are freely redistributable with proper metadata and source attribution. Please recognize the Massachusetts Office of Coastal Zone Management as the source of these data. You are not permitted to use CZM's name or to suggest that CZM endorses your project or product, without its express written consent. While efforts have been made to ensure that these data are accurate and reliable within the state of the art, CZM cannot assume liability for any damages or misrepresentation caused by any inaccuracies in the data or as a result of changes to the data caused by system transfers. The user must be aware of data conditions and bear responsibility for the appropriate use of these data with respect to possible errors, original map scale, collection methodology, currency of data, and other conditions specific to these data.</useconst><descript><abstract>The Massachusetts Coastal Zone data layer was compiled by the Massachusetts Office of Coastal Zone Management (CZM) to represent the Massachusetts coastal zone as defined in the October 2011 Massachusetts Office of Coastal Zone Management Policy Guide ("Policy Guide"). Appendix 2 of the Policy Guide contains the most recent description of the official Massachusetts coastal zone and should be used in connection with the following two sources depicting maps of the boundary: (1) the CZM Coastal Atlas (Volume II of the 1977 Massachusetts Coastal Zone Management Program and Draft Environmental Impact Statement) and (2) this data layer developed by CZM to depict the coastal zone in digital map format, available at: http://www.mass.gov/czm/mapping/czboundary.htm. This boundary was created per the Federal Coastal Zone Management Act (CZMA) of 1972 (Public Law 92-583, 16 U.S.C. 1451-1456). The boundary description is the specification of the major roads, rail lines, other visible rights-of-way, or coordinates marking the inland boundary of the coastal zone. The actual boundary is 100 feet inland of the landward side of the described line, with the exception of municipal boundaries, where the municipal boundary is the limit of the boundary description. This dataset represents the actual boundary. As described in Appendix 2 of the October 2011 Policy Guide, the official Massachusetts coastal zone includes the lands and waters within an area defined by the seaward limit of the state's territorial sea, extending from the Massachusetts-New Hampshire border south to the Massachusetts-Rhode Island border, and landward to 100 feet inland of specified major roads, rail lines, other visible rights-of-way, or, in the absence of these, at specified coordinates. The coastal zone includes all of Cape Cod, Nantucket, Martha’s Vineyard, and the Elizabeth Islands. The coastal zone includes all islands, transitional and intertidal areas, coastal wetlands, and beaches within the Commonwealth. In isolated instances where the boundary line might exclude coastal resource area(s), these resources are included in the coastal zone although the written description follows the boundary line. Tidal rivers and adjacent uplands are included, at a minimum, to the extent of vegetation affected by measurably saline water. Anadromous fish runs are included, as well as their floodplains, to the freshwater breeding area, if such area is within a coastal town. Land owned or controlled by the federal government is excluded by law from the coastal zone.</abstract><purpose>The purpose of this dataset is for planning and analysis related to the Massachusetts coastal zone.</purpose><supplinf>The full text of the October 2011 Policy Guide, including Appendix 2 – Legal Boundary of the Massachusetts Coastal Zone, can be viewed at http://www.mass.gov/czm/plan/docs/czm_policy_guide_october2011.pdf. The Coastal Zone Management Act can be viewed at http://www.law.cornell.edu/uscode/html/uscode16/usc_sup_01_16_10_33.html.</supplinf></descript><datacred>These spatial data were created by the Massachusetts Office of Coastal Zone Management (CZM) for the Massachusetts Executive Office of Energy and Environmental Affairs (EEA).</datacred><ptcontac><cntinfo><cntorgp><cntorg>Massachusetts Office of Coastal Zone Management</cntorg></cntorgp><cntpos>CZM Data Manager</cntpos><cntaddr><addrtype>mailing and physical address</addrtype><address>251 Causeway Street, Suite 800</address><city>Boston</city><state>MA</state><postal> 02114-2138</postal><country>USA</country></cntaddr><cntvoice>617-626-1200</cntvoice><cntfax>617-626-1240</cntfax><cntemail>czm@state.ma.us</cntemail><cntinst>email only</cntinst><hours>0900 hrs to 1600 hrs EST</hours></cntinfo></ptcontac><spdom><bounding><westbc>-71.342782</westbc><eastbc>-69.830025</eastbc><northbc>42.878887</northbc><southbc>41.186918</southbc></bounding></spdom><native>Microsoft Windows 7 Version 6.1 (Build 7601) Service Pack 1; ESRI ArcGIS 10.0.3.3600</native></idinfo><distInfo xmlns=""><distTranOps xmlns=""><transSize Sync="TRUE">0.661</transSize><onLineSrc xmlns=""><linkage>http://www.mass.gov/mgis/cstzone.htm</linkage></onLineSrc><onLineSrc xmlns=""><linkage>http://www.mass.gov/czm/mapping/index.htm</linkage></onLineSrc><onLineSrc xmlns=""><linkage>http://www.mass.gov/czm/mapping/czboundary.htm</linkage></onLineSrc></distTranOps><distFormat xmlns=""><formatName Sync="TRUE">Shapefile</formatName></distFormat><distributor xmlns=""><distorCont xmlns=""><rpOrgName>Massachusetts Office of Coastal Zone Management</rpOrgName><rpPosName>CZM Data Manager</rpPosName><rpCntInfo><cntAddress addressType="both"><delPoint>251 Causeway Street, Suite 800</delPoint><city>Boston</city><adminArea>MA</adminArea><postCode>02114-2138</postCode><eMailAdd>czm@state.ma.us</eMailAdd><country>USA</country></cntAddress><cntPhone><voiceNum tddtty="">617-626-1200</voiceNum><faxNum>617-626-1240</faxNum></cntPhone><cntHours>0900 hrs to 1600 hrs EST</cntHours><cntInstr>email only</cntInstr></rpCntInfo><role><RoleCd value="005"/></role></distorCont><distorFormat xmlns=""><formatName>ESRI Shapefile (.shp)</formatName><formatVer>ArcGIS 8.x, 9.x, and 10.x</formatVer></distorFormat><distorOrdPrc xmlns=""><resFees units="">GIS and coordinate files may be downloaded at no charge by following links on the Massachusetts Office of Coastal Zone Management website (http://www.mass.gov/czm/mapping/index.htm/).</resFees></distorOrdPrc><distorTran xmlns=""><transSize>0.699</transSize><onLineSrc><linkage>http://www.mass.gov/czm/mapping/index.htm</linkage></onLineSrc></distorTran></distributor></distInfo><dataqual><logic>The data were checked for topological errors.  All errors were corrected resulting in a topologically clean dataset.</logic><complete>The data are thought to be complete; no data have been purposefully excluded. All areas known to encompass the Massachusetts coastal zone were included in these data with the exception of any areas that may fall under the following stipulation stated in the second paragraph of Appendix 2 of the October 2011 Policy Guide: "In isolated instances where the boundary line might exclude coastal resource area(s), these resources are included in the coastal zone although the written description follows the boundary line. Tidal rivers and adjacent uplands are included, at a minimum, to the extent of vegetation affected by measurably saline water. Anadromous fish runs are included, as well as their floodplains, to the freshwater breeding area, if such area is within a coastal town. Land owned or controlled by the federal government is excluded by law from the coastal zone."  Per Appendix 2 of the Policy Guide, "the actual boundary is 100 feet inland of the landward side of this line, with the exception of municipal boundaries, where the municipal boundary is the limit of the line." Since the landward side of the roads and rail lines could not be determined from the input data layers, a 100-foot landward buffer was created from the depicted road and rail center lines. When two lanes were shown on the roads layer (e.g., for a divided highway), the landward-most lane was used to create the buffer. Therefore, this dataset may not include the full 100-foot landward buffer of roads and rail lines since the buffer was drawn based on the center line rather than the landward side of roads and rail lines.</complete><posacc><horizpa><horizpar>A horizontal accuracy report was not conducted for these data as horizontal accuracy values are not given for most of the input data layers (i.e., "Massachusetts Department of Transportation (MassDOT) Roads - October 2009," "Trains - April 2008," "Community Boundaries (Towns) from Survey Points - June 2004 (last update September 2009)," and "Massachusetts Lateral Boundaries").</horizpar></horizpa></posacc><attracc><attraccr>The Shape_Leng and Shape_Area attributes were calculated in meters and square meters, respectively, after all edits to the data had been made.</attraccr></attracc><lineage><srcinfo><srccite><citeinfo><origin>Massachusetts Department of Transportation (MassDOT)</origin><pubdate>20091001</pubdate><title>Massachusetts Department of Transportation (MassDOT) Roads - October 2009</title><geoform>vector digital data</geoform></citeinfo></srccite><typesrc>online</typesrc><srctime><timeinfo><sngdate><caldate>20091001</caldate></sngdate></timeinfo><srccurr>publication date</srccurr></srctime><srccitea>MassDOT Roads</srccitea><srccontr>This dataset was one of the sources used to create the coastal zone inshore boundary.</srccontr></srcinfo><srcinfo><srccite><citeinfo><origin>Central Transportation Planning Staff</origin><pubdate>20080401</pubdate><title>Trains - April 2008</title><geoform>vector digital data</geoform></citeinfo></srccite><typesrc>onLine</typesrc><srctime><timeinfo><sngdate><caldate>20080401</caldate></sngdate></timeinfo><srccurr>publication date</srccurr></srctime><srccitea>Trains</srccitea><srccontr>This dataset was one of the sources used to create the coastal zone inshore boundary.</srccontr></srcinfo><srcinfo><srccite><citeinfo><origin>Massachusetts Office of Geographic Information (MassGIS)</origin><pubdate>20090901</pubdate><title>Community Boundaries (Towns) from Survey Points - June 2004 (last update September 2009)</title><geoform>vector digital data</geoform></citeinfo></srccite><typesrc>onLine</typesrc><srctime><timeinfo><sngdate><caldate>20090901</caldate></sngdate></timeinfo><srccurr>publication date</srccurr></srctime><srccitea>Community Boundaries</srccitea><srccontr>This dataset was one of the sources used to create the coastal zone inshore boundary.</srccontr></srcinfo><srcinfo><srccite><citeinfo><origin>Massachusetts Office of Coastal Zone Management (CZM)</origin><pubdate>20090619</pubdate><title>Massachusetts Lateral Boundaries</title><geoform>vector digital data</geoform></citeinfo></srccite><typesrc>onLine</typesrc><srctime><timeinfo><sngdate><caldate>20090619</caldate></sngdate></timeinfo><srccurr>publication date</srccurr></srctime><srccitea>Lateral Boundaries</srccitea><srccontr>This dataset was used to create the coastal zone lateral boundaries.</srccontr></srcinfo><srcinfo><srccite><citeinfo><origin>Bureau of Ocean Energy Management, Mapping and Boundary Branch</origin><pubdate>20101005</pubdate><title>Atlantic NAD83 Submerged Lands Act Boundary</title></citeinfo></srccite><typesrc>onLine</typesrc><srctime><timeinfo><sngdate><caldate>20101005</caldate></sngdate></timeinfo><srccurr>publication date</srccurr></srctime><srccitea>SLA Boundary</srccitea><srccontr>This dataset was used to create the coastal zone offshore boundary.</srccontr></srcinfo><procstep><procdate>20101029</procdate><procdesc>Coastal Zone Inshore Boundary: The coastal zone inshore boundary was created by following the verbal boundary description given in Appendix 2 of the October 2011 Massachusetts Office of Coastal Zone Management Policy Guide. Data sources used were MassDOT's "Massachusetts Department of Transportation (MassDOT) Roads - October 2009" data layer for streets and highways, the Central Transportation Planning Staff's "Trains - April 2008" data layer for railroad corridors, and MassGIS’s "Community Boundaries (Towns) from Survey Points - June 2004 (last update September 2009)" for inland municipal boundaries. In the absence of major roads, railroad corridors, and other visible rights-of-way, coordinates were specified in Appendix 2 to mark the inland boundary of the coastal zone and these coordinates were mapped in ArcGIS 10. Please note: Per Appendix 2, "the actual boundary is 100 feet inland of the landward side of this line, with the exception of municipal boundaries, where the municipal boundary is the limit of the line." Since the landward side of the road could not be determined from the MassDOT roads layer, a 100-foot landward buffer was created from the depicted road center line; when two lanes were shown on the MassDOT layer (e.g., for a divided highway), the landward-most lane was used to create the buffer. Similarly, since the landward side of the railroad corridor could not be determined from the Central Transportation Planning Staff data layer, a 100-foot landward buffer was created from the depicted center of the rail line.</procdesc><srcused>MassDOT Roads</srcused><srcused>Trains</srcused><srcused>Community Boundaries</srcused><proccont><cntinfo><cntorgp><cntorg>Massachusetts Office of Coastal Zone Management</cntorg></cntorgp><cntpos>CZM Data Manager</cntpos><cntaddr><addrtype>mailing and physical</addrtype><address>251 Causeway Street, Suite 800</address><city>Boston</city><state>MA</state><postal>02114-2138</postal><country>USA</country></cntaddr><cntvoice>617-626-1200</cntvoice><cntfax>617-626-1240</cntfax><cntemail>czm@state.ma.us</cntemail><hours>0900 hrs to 1600 hrs EST</hours><cntinst>email only</cntinst></cntinfo></proccont></procstep><procstep><procdate>20101029</procdate><procdesc>Coastal Zone Lateral Boundaries: CZM's "Massachusetts Lateral Boundaries" data layer was used to create the lateral offshore boundaries between Massachusetts, New Hampshire, and Rhode Island.</procdesc><srcused>Lateral Boundaries</srcused><proccont><cntinfo><cntorgp><cntorg>Massachusetts Office of Coastal Zone Management</cntorg></cntorgp><cntpos>CZM Data Manager</cntpos><cntaddr><addrtype>mailing and physical</addrtype><address>251 Causeway Street, Suite 800</address><city>Boston</city><state>MA</state><postal>02114-2138</postal><country>USA</country></cntaddr><cntvoice>617-626-1200</cntvoice><cntfax>617-626-1240</cntfax><cntemail>czm@state.ma.us</cntemail><hours>0900 hrs to 1600 hrs EST</hours><cntinst>email only</cntinst></cntinfo></proccont></procstep><procstep><procdate>20101029</procdate><procdesc>Coastal Zone Offshore Boundary: The coastal zone offshore boundary was defined by the U.S. Bureau of Ocean Energy Management's (formerly Minerals Management Service) "Atlantic NAD83 Submerged Lands Act Boundary" layer that defines the offshore boundary between Commonwealth and Federal jurisdiction. These data can be downloaded from http://www.boem.gov/Oil-and-Gas-Energy-Program/Mapping-and-Data/Index.aspx.</procdesc><srcused>SLA Boundary</srcused><proccont><cntinfo><cntorgp><cntorg>Massachusetts Office of Coastal Zone Management</cntorg></cntorgp><cntpos>CZM Data Manager</cntpos><cntaddr><addrtype>mailing and physical</addrtype><address>251 Causeway Street, Suite 800</address><city>Boston</city><state>MA</state><postal>02114-2138</postal><country>USA</country></cntaddr><cntvoice>617-626-1200</cntvoice><cntfax>617-626-1240</cntfax><cntemail>czm@state.ma.us</cntemail><hours>0900 hrs to 1600 hrs EST</hours><cntinst>email only</cntinst></cntinfo></proccont></procstep><procstep><procdate>20101029</procdate><procdesc>Compilation: All boundary line data were merged, trimmed, dissolved, checked for topological errors, and then converted to a polygon.</procdesc><proccont><cntinfo><cntorgp><cntorg>Massachusetts Office of Coastal Zone Management</cntorg></cntorgp><cntpos>CZM Data Manager</cntpos><cntaddr><addrtype>mailing and physical</addrtype><address>251 Causeway Street, Suite 800</address><city>Boston</city><state>MA</state><postal>02114-2138</postal><country>USA</country></cntaddr><cntvoice>617-626-1200</cntvoice><cntfax>617-626-1240</cntfax><cntemail>czm@state.ma.us</cntemail><hours>0900 hrs to 1600 hrs EST</hours><cntinst>email only</cntinst></cntinfo></proccont></procstep></lineage></dataqual><distinfo><resdesc>Downloadable Data</resdesc><distliab>Although every effort has been made to ensure the accuracy of these data, errors and conditions originating from physical sources used to develop these data may be reflected in the data supplied. The client must be aware of data conditions and bear responsibility for the appropriate use of the information with respect to possible errors, original map scale, collection methodology, currency of data, and other conditions specific to certain data. In no event shall CZM be liable for any damages, whether general, special, incidental or consequential damages, arising out of your use of these data. Your sole remedy for damages is to stop using the data. You agree to defend, indemnify, and hold harmless CZM and its employees against any claim, loss, liability or expense, including attorneys' fees, resulting from loss of or damage to property or the injury to or death of any person arising out of the use of the data.</distliab><stdorder><digform><digtinfo><formname>ESRI Shapefile (.shp)</formname><formvern>ArcGIS 8.x, 9.x, and 10.x</formvern><transize>0.699</transize></digtinfo><digtopt><onlinopt><computer><networka><networkr>http://www.mass.gov/czm/mapping/index.htm</networkr></networka></computer></onlinopt></digtopt></digform><fees>GIS and coordinate files may be downloaded at no charge by following links on the Massachusetts Office of Coastal Zone Management website (http://www.mass.gov/czm/mapping/index.htm/). </fees></stdorder><distrib><cntinfo><cntorgp><cntorg>Massachusetts Office of Coastal Zone Management</cntorg></cntorgp><cntpos>CZM Data Manager</cntpos><cntaddr><addrtype>mailing and physical address</addrtype><address>251 Causeway Street, Suite 800</address><city>Boston</city><state>MA</state><postal> 02114-2138</postal><country>USA</country></cntaddr><cntvoice>617-626-1200</cntvoice><cntfax>617-626-1240</cntfax><cntemail>czm@state.ma.us</cntemail><cntinst>email only</cntinst><hours>0900 hrs to 1600 hrs EST</hours></cntinfo></distrib></distinfo><metainfo><metstdn>FGDC Content Standard for Digital Geospatial Metadata</metstdn><metstdv>FGDC-STD-001-1998</metstdv><metd>20120127</metd><mettc>local time</mettc><metc><cntinfo><cntorgp><cntorg>Massachusetts Office of Coastal Zone Management</cntorg></cntorgp><cntpos>CZM Data Manager</cntpos><cntaddr><addrtype>mailing and physical address</addrtype><address>251 Causeway Street, Suite 800</address><city>Boston</city><state>MA</state><postal> 02114-2138</postal><country>USA</country></cntaddr><cntvoice>617-626-1200</cntvoice><cntfax>617-626-1240</cntfax><cntemail>czm@state.ma.us</cntemail><cntinst>email only</cntinst><hours>0900 hrs to 1600 hrs EST</hours></cntinfo></metc></metainfo><spdoinfo><direct>Vector</direct><ptvctinf><esriterm><efeatyp Sync="TRUE">Simple</efeatyp><efeageom code="4" Sync="TRUE"></efeageom><esritopo Sync="TRUE">FALSE</esritopo><efeacnt Sync="TRUE">1</efeacnt><spindex Sync="TRUE">TRUE</spindex><linrefer Sync="TRUE">FALSE</linrefer></esriterm></ptvctinf></spdoinfo><Binary><Thumbnail><Data EsriPropertyType="PictureX">/9j/4AAQSkZJRgABAQEAAQABAAD/2wBDAAgGBgcGBQgHBwcJCQgKDBQNDAsLDBkSEw8UHRofHh0a HBwgJC4nICIsIxwcKDcpLDAxNDQ0Hyc5PTgyPC4zNDL/2wBDAQkJCQwLDBgNDRgyIRwhMjIyMjIy MjIyMjIyMjIyMjIyMjIyMjIyMjIyMjIyMjIyMjIyMjIyMjIyMjIyMjIyMjL/wAARCACFAMgDASIA AhEBAxEB/8QAHwAAAQUBAQEBAQEAAAAAAAAAAAECAwQFBgcICQoL/8QAtRAAAgEDAwIEAwUFBAQA AAF9AQIDAAQRBRIhMUEGE1FhByJxFDKBkaEII0KxwRVS0fAkM2JyggkKFhcYGRolJicoKSo0NTY3 ODk6Q0RFRkdISUpTVFVWV1hZWmNkZWZnaGlqc3R1dnd4eXqDhIWGh4iJipKTlJWWl5iZmqKjpKWm p6ipqrKztLW2t7i5usLDxMXGx8jJytLT1NXW19jZ2uHi4+Tl5ufo6erx8vP09fb3+Pn6/8QAHwEA AwEBAQEBAQEBAQAAAAAAAAECAwQFBgcICQoL/8QAtREAAgECBAQDBAcFBAQAAQJ3AAECAxEEBSEx BhJBUQdhcRMiMoEIFEKRobHBCSMzUvAVYnLRChYkNOEl8RcYGRomJygpKjU2Nzg5OkNERUZHSElK U1RVVldYWVpjZGVmZ2hpanN0dXZ3eHl6goOEhYaHiImKkpOUlZaXmJmaoqOkpaanqKmqsrO0tba3 uLm6wsPExcbHyMnK0tPU1dbX2Nna4uPk5ebn6Onq8vP09fb3+Pn6/9oADAMBAAIRAxEAPwD3+iii gAooooAKKKKACiiigAooooAjkmji272wW6D1pI7iOWQohbcoyQUI4/EVSbyZNVYxlXeNMSZ5KHjb j0yN3Tip0IW9TsXQjPrgjA/U/rXL9YftvZFW0uW6KakiSZ2OrY4ODmnV1EhRRRQAUUUUAFFFFABR RRQAUUUUAFFFFABRRRQAUUUUAFFFFABRRRQAUUUUAVrqJsi4jGXQYKgZLLnkfX0qvI8E1szunmIm WKleeM9j9DTxqJMzwm1l3qxAAxyAcZOSMA9vb8QK8liLgt5kVvCHYlxEnzN9W4znvx/jXnYuNJvm 5rMuNx6bJ3dWURzxgKTGxyoIyOcD8qvWztJawuxyzICTjHOKqiEu5t4sRRhcsVGDyeg9Oh5/yLyq EUKoAUDAA7CtcJF2cuj2QpC0UUV2EhRRRQAUUUUAFFFFABRRRQAUUUUAFFFFABRRRQAUUUUAFFFF ABVa8uJYRGsEaySu4AVjgbe5J5xx7dSB3qzWaYgNZlfym/1SkPuGMkkHjOew/I+vONeo6dNyQ0rs kRJGnaeUjcVChFOQoGf1OeTx0HpUtFNd/LjZyMhQTgV4kpSnK73NdiS1GUd+7Of04/pU9MhQxQRx k5KqAT60+vfhHlio9jFhRRRVAFFFFABRRRQAUUUUAFFFFABRRRQAUUUUAFFFFABRRRQAUUUUAFU7 m0dne4hlfzgmFQn5Djtj3q5RSlFSVmBRUXcmf3SRAD+Ns5OPb8vz/FpYyq0EitDKVJAPP4g9xyP6 1fdgiM7dFGTWFb3sZ1E+ZLiSUsmwuDjB4H4HI9CRxXn18PThC8FqWm2bNvIZYVZgA3IYDpkHBx7c VLVNVkiZvKdQrHcVZc4PfHIp3m3C8/un9sFf15raGMpNLmeouVlqiqpmuCMCOJT6lycfhgZ/Ok8y 6U5zC/8As4K/rk/yq3i6PcXKy3RUMFws2VwySL95G6j/ABHuKmrdNNXQgooopgFFFFABRRRQAUUU UAFFFFABRRRQAUUUUAFFFFABRRTY5ElQPG6uh6MpyDQA7rVK+VViVfKAQ4DSBfuAHPb8eeg61dop SV1YCtRUc9utvCZYMp5fzFMnaVHUAdBx0x3xUleHXoSouzNU7hRRRWAyKZW+WWMZlj5X3Hdfx/wP ariOskayIcqwBB9Qagos+Ekj5+RyB9D839cfhXpYCo9YMia6lmiiivSICiiigAooooAKKKKACiii gAooooAKKKKACqt7NdQR77aATfK2VzyD/D9R61aooApPfRSWUjRzKJREW2gjcDj0Pvil01XSFlK7 Yd2Ysk7sHrkHpzkjnoe1JPYieYBghg3byD1znoPY9T+PrxcDKWKhhuABIzyM/wD6qzipN3kMWq81 15c3lLE8hC7m2kcA8DqfY/lUX29UvbiGQqFTZsAB3MSOf6fnSRjdNNOYmjZyB8xGSAOOhI6k1niK /s4XW4JXHSzC5jMcaNtJG4upUY7jB5P8qfRRXk1q0qrvI0SsFFFFYjCkg/4+5eesa4H4tS0kJ3Xb f7Cenqf/ALH9a6sHf2yFLYtUUUV7RkFFFFABRRRQAUUUUAFFFFABRRRQAUUUUAFFFFACO2xGbBOB nA6msvfMtzLKdqyXCIqFTu2hTz2/2iR+NatZ9s6+WsRysiKAysMH689veuTF1J00nEqKuLFbiKR5 DJJI79Wc57nH064/CpqKK8htyd2aBTJJBGBwSzHCqOrGn1E4ljcyxbWYLjYw6j0B7Z/HoKqmouSU 3ZAwaR4XAuAkYYcMHyM+hJA/zmlSdHI27sE4Vtpw30PSraOskaupyrAEH2qK7VDbMXLALhgU65HT FelPAwd3F2IUmMJCgkkADkk06zXEHmc5lJkO7rz0/TA/CqsY3Sr9sB2two4CZ7bhk8/mPxrSowdF RTne4pMKKKK7iQooooAKKKKACiiigAooooAKKKKACiiigAooooAKhniaQK0bBXU8ZHBHcH/Pb8Km opSipKzAplmjdUlUKXztIOQfbp1p9Jdqwlim2M6KGBCjJBOMHH4Ecev1qPaLqRYyknlKdz7lKhvQ c9fX8OeteTVwr9rywWhopaah9pg/57x/99ipFYMoZSCD3Bq10qubOIsxBkUMcsquQCfX2/CtZZe7 e7IXOVksrdEVTGrlRjc4BP50rxztEIfOQoCMFkJYYORznkjjqPzqVrRkbdBIQf4kkYsG/Enj/PFM 80ocTROh9QCy/XI6D64rOdPEUrtO9xppj3RZI2RhlWGDUlrK0kOHOZEOx/cjv+IwfxqD7RH/ALWe wCHJ9wMZIqe1R1WRnG0u+4KeoGAP6Z/GrwKnGTTWgpWJ6KKK9MgKKKKACiiigAooooAKKKKACiii gAooooAKKKKACiiigAooooAKKKKACiiigAooooAKKKKACiiigAooooAKKKKAP//Z</Data></Thumbnail></Binary><dataIdInfo><dataExt><geoEle><GeoBndBox esriExtentType="search"><westBL Sync="TRUE">-71.342782</westBL><eastBL Sync="TRUE">-69.830025</eastBL><northBL Sync="TRUE">42.878887</northBL><southBL Sync="TRUE">41.186918</southBL><exTypeCode Sync="TRUE">1</exTypeCode></GeoBndBox></geoEle><exDesc>publication date</exDesc><tempEle><TempExtent><exTemp><TM_Instant><tmPosition>2011-10-04T00:00:00</tmPosition></TM_Instant></exTemp></TempExtent></tempEle></dataExt><envirDesc Sync="TRUE">Microsoft Windows 7 Version 6.1 (Build 7601) Service Pack 1; ESRI ArcGIS 10.0.3.3600</envirDesc><dataLang><languageCode value="eng" Sync="TRUE"/><countryCode value="USA" Sync="TRUE"/></dataLang><idCitation><resTitle Sync="FALSE">Massachusetts Coastal Zone</resTitle><presForm><PresFormCd value="005" Sync="TRUE"/><fgdcGeoform>vector digital data</fgdcGeoform></presForm><date><pubDate>2011-10-04T00:00:00</pubDate></date><citRespParty><rpOrgName>Massachusetts Office of Coastal Zone Management</rpOrgName><rpCntInfo><cntAddress addressType="both"><delPoint>251 Causeway Street, Suite 800</delPoint><city>Boston</city><adminArea>MA</adminArea><postCode>02114-2138</postCode><eMailAdd>czm@state.ma.us</eMailAdd><country>USA</country></cntAddress><cntPhone><voiceNum tddtty="">617-626-1200</voiceNum><faxNum>617-626-1240</faxNum></cntPhone><cntHours>0900 hrs to 1600 hrs EST</cntHours><cntInstr>email only</cntInstr></rpCntInfo><role><RoleCd value="006"/></role></citRespParty></idCitation><spatRpType><SpatRepTypCd value="001" Sync="TRUE"/></spatRpType><idPurp>The purpose of this dataset is for planning and analysis related to the Massachusetts coastal zone.</idPurp><idAbs>&lt;DIV STYLE="text-align:Left;"&gt;&lt;DIV&gt;&lt;DIV&gt;&lt;P STYLE="margin:0 0 0 0;"&gt;&lt;SPAN&gt;The Massachusetts Coastal Zone data layer was compiled by the Massachusetts Office of Coastal Zone Management (CZM) to represent the Massachusetts coastal zone as defined in the October 2011 Massachusetts Office of Coastal Zone Management Policy Guide ("Policy Guide"). Appendix 2 of the Policy Guide contains the most recent description of the official Massachusetts coastal zone and should be used in connection with the following two sources depicting maps of the boundary: (1) the CZM Coastal Atlas (Volume II of the 1977 Massachusetts Coastal Zone Management Program and Draft Environmental Impact Statement) and (2) this data layer developed by CZM to depict the coastal zone in digital map format, available at: &lt;/SPAN&gt;&lt;A href="http://www.mass.gov/czm/mapping/czboundary.htm"&gt;&lt;SPAN&gt;&lt;SPAN&gt;http://www.mass.gov/czm/mapping/czboundary.htm&lt;/SPAN&gt;&lt;/SPAN&gt;&lt;/A&gt;&lt;SPAN&gt;. This boundary was created per the Federal Coastal Zone Management Act (CZMA) of 1972 (Public Law 92-583, 16 U.S.C. 1451-1456). The boundary description is the specification of the major roads, rail lines, other visible rights-of-way, or coordinates marking the inland boundary of the coastal zone. The actual boundary is 100 feet inland of the landward side of the described line, with the exception of municipal boundaries, where the municipal boundary is the limit of the boundary description. This dataset represents the actual boundary. &lt;/SPAN&gt;&lt;/P&gt;&lt;P STYLE="margin:0 0 0 0;"&gt;&lt;SPAN /&gt;&lt;/P&gt;&lt;P STYLE="margin:0 0 0 0;"&gt;&lt;SPAN&gt;As described in Appendix 2 of the October 2011 Policy Guide, the official Massachusetts coastal zone includes the lands and waters within an area defined by the seaward limit of the state's territorial sea, extending from the Massachusetts-New Hampshire border south to the Massachusetts-Rhode Island border, and landward to 100 feet inland of specified major roads, rail lines, other visible rights-of-way, or, in the absence of these, at specified coordinates. The coastal zone includes all of Cape Cod, Nantucket, Martha’s Vineyard, and the Elizabeth Islands. The coastal zone includes all islands, transitional and intertidal areas, coastal wetlands, and beaches within the Commonwealth. In isolated instances where the boundary line might exclude coastal resource area(s), these resources are included in the coastal zone although the written description follows the boundary line. Tidal rivers and adjacent uplands are included, at a minimum, to the extent of vegetation affected by measurably saline water. Anadromous fish runs are included, as well as their floodplains, to the freshwater breeding area, if such area is within a coastal town. Land owned or controlled by the federal government is excluded by law from the coastal zone.&lt;/SPAN&gt;&lt;/P&gt;&lt;/DIV&gt;&lt;/DIV&gt;&lt;/DIV&gt;</idAbs><idCredit>These spatial data were created by the Massachusetts Office of Coastal Zone Management (CZM) for the Massachusetts Executive Office of Energy and Environmental Affairs (EEA).</idCredit><searchKeys><keyword>boundaries</keyword><keyword>environment</keyword><keyword>Human Dimensions &gt; Boundaries &gt; Administrative Divisions</keyword><keyword>coastal zone management</keyword><keyword>CZM</keyword><keyword>law</keyword><keyword>policy</keyword><keyword>jurisdiction</keyword><keyword>boundary</keyword><keyword>boundaries</keyword><keyword>Massachusetts Coastal Zone Management Act</keyword><keyword>Coastal Zone Management Act</keyword><keyword>CZMA</keyword><keyword>coastal zone</keyword><keyword>coastal zone boundary</keyword></searchKeys><resConst><Consts><useLimit>Public domain data from the Massachusetts Office of Coastal Zone Management (CZM), an agency of the Commonwealth of Massachusetts Executive Office of Energy and Environmental Affairs (EEA), are freely redistributable with proper metadata and source attribution. Please recognize the Massachusetts Office of Coastal Zone Management as the source of these data. You are not permitted to use CZM's name or to suggest that CZM endorses your project or product, without its express written consent. While efforts have been made to ensure that these data are accurate and reliable within the state of the art, CZM cannot assume liability for any damages or misrepresentation caused by any inaccuracies in the data or as a result of changes to the data caused by system transfers. The user must be aware of data conditions and bear responsibility for the appropriate use of these data with respect to possible errors, original map scale, collection methodology, currency of data, and other conditions specific to these data.</useLimit></Consts><LegConsts><othConsts>None. These data are in the public domain. GIS files are freely available for download. </othConsts></LegConsts><LegConsts><useLimit>Although every effort has been made to ensure the accuracy of these data, errors and conditions originating from physical sources used to develop these data may be reflected in the data supplied. The client must be aware of data conditions and bear responsibility for the appropriate use of the information with respect to possible errors, original map scale, collection methodology, currency of data, and other conditions specific to certain data. In no event shall CZM be liable for any damages, whether general, special, incidental or consequential damages, arising out of your use of these data. Your sole remedy for damages is to stop using the data. You agree to defend, indemnify, and hold harmless CZM and its employees against any claim, loss, liability or expense, including attorneys' fees, resulting from loss of or damage to property or the injury to or death of any person arising out of the use of the data.</useLimit></LegConsts></resConst><dataChar><CharSetCd value="004"/></dataChar><idStatus><ProgCd value="001"/></idStatus><resMaint><maintFreq><MaintFreqCd value="009"/></maintFreq></resMaint><themeKeys><thesaName><resTitle>NASA/Global Change Master Directory (GCMD) Earth Science Keywords. Version 6.0.0.0.0 </resTitle></thesaName><keyword>Human Dimensions &gt; Boundaries &gt; Administrative Divisions</keyword></themeKeys><placeKeys><thesaName><resTitle>NASA/Global Change Master Directory (GCMD) Earth Science Keywords. Version 6.0.0.0.0 </resTitle></thesaName><keyword>Continent &gt; North America &gt; United States of America &gt; Massachusetts</keyword><keyword>Ocean &gt; Atlantic Ocean &gt; North Atlantic Ocean</keyword><keyword>Ocean &gt; Atlantic Ocean &gt; North Atlantic Ocean &gt; Gulf Of Maine</keyword></placeKeys><placeKeys><thesaName><resTitle>U.S. Board on Geographic Names</resTitle></thesaName><keyword>Gulf of Maine</keyword><keyword>Massachusetts</keyword></placeKeys><themeKeys><keyword>coastal zone management</keyword><keyword>CZM</keyword><keyword>law</keyword><keyword>policy</keyword><keyword>jurisdiction</keyword><keyword>boundary</keyword><keyword>boundaries</keyword><keyword>Massachusetts Coastal Zone Management Act</keyword><keyword>Coastal Zone Management Act</keyword><keyword>CZMA</keyword><keyword>coastal zone</keyword><keyword>coastal zone boundary</keyword><keyword>Massachusetts coastal zone</keyword><keyword>Massachusetts coastal zone boundary</keyword></themeKeys><suppInfo>The full text of the October 2011 Policy Guide, including Appendix 2 – Legal Boundary of the Massachusetts Coastal Zone, can be viewed at http://www.mass.gov/czm/plan/docs/czm_policy_guide_october2011.pdf. The Coastal Zone Management Act can be viewed at http://www.law.cornell.edu/uscode/html/uscode16/usc_sup_01_16_10_33.html.</suppInfo><idPoC><role><RoleCd value="007"/></role><rpOrgName>Massachusetts Office of Coastal Zone Management</rpOrgName><rpPosName>CZM Data Manager</rpPosName><rpCntInfo><cntAddress addressType="both"><delPoint>251 Causeway Street, Suite 800</delPoint><city>Boston</city><adminArea>MA</adminArea><postCode>02114-2138</postCode><eMailAdd>czm@state.ma.us</eMailAdd><country>USA</country></cntAddress><cntPhone><voiceNum tddtty="">617-626-1200</voiceNum><faxNum>617-626-1240</faxNum></cntPhone><cntHours>0900 hrs to 1600 hrs EST</cntHours><cntInstr>email only</cntInstr></rpCntInfo></idPoC><tpCat><TopicCatCd value="003"/></tpCat><tpCat><TopicCatCd value="007"/></tpCat></dataIdInfo><mdLang><languageCode value="eng" Sync="TRUE"/><countryCode value="USA" Sync="TRUE"/></mdLang><mdHrLv><ScopeCd value="005" Sync="TRUE"/></mdHrLv><mdHrLvName Sync="TRUE">dataset</mdHrLvName><refSysInfo><RefSystem><refSysID><identCode code="26986" Sync="TRUE" value="26986"/><idCodeSpace Sync="TRUE">EPSG</idCodeSpace><idVersion Sync="TRUE">7.4.1</idVersion></refSysID></RefSystem></refSysInfo><spatRepInfo><VectSpatRep><geometObjs Name="cstzone_poly"><geoObjTyp><GeoObjTypCd value="002" Sync="TRUE"></GeoObjTypCd></geoObjTyp><geoObjCnt Sync="TRUE">1</geoObjCnt></geometObjs><topLvl><TopoLevCd value="001" Sync="TRUE"></TopoLevCd></topLvl></VectSpatRep></spatRepInfo><mdDateSt Sync="TRUE">20120127</mdDateSt><eainfo><detailed Name="cstzone_poly"><enttyp><enttypd>As described in the Policy Guide, the official Massachusetts coastal zone includes the lands and waters within an area defined by the seaward limit of the state's territorial sea, extending from the Massachusetts-New Hampshire border south to the Massachusetts-Rhode Island border, and landward to 100 feet inland of specified major roads, rail lines, other visible rights-of-way, or, in the absence of these, at specified coordinates. The coastal zone includes all of Cape Cod, Nantucket, Martha's Vineyard, and the Elizabeth Islands. For further details, please see the October 2011 Policy Guide.</enttypd><enttypds>Massachusetts Office of Coastal Zone Management</enttypds><enttypt Sync="TRUE">Feature Class</enttypt><enttypc Sync="TRUE">1</enttypc><enttypl>Massachusetts Coastal Zone</enttypl></enttyp><attr><attrlabl>FID</attrlabl><attrdef>Internal feature number.</attrdef><attrdefs>ESRI</attrdefs><attrdomv><udom>Sequential unique whole numbers that are automatically generated.</udom></attrdomv><attalias Sync="TRUE">FID</attalias><attrtype Sync="TRUE">OID</attrtype><attwidth Sync="TRUE">4</attwidth><atprecis Sync="TRUE">0</atprecis><attscale Sync="TRUE">0</attscale></attr><attr><attrlabl>Shape</attrlabl><attrdef>Feature geometry.</attrdef><attrdefs>ESRI</attrdefs><attrdomv><udom>Coordinates defining the features.</udom></attrdomv><attalias Sync="TRUE">Shape</attalias><attrtype Sync="TRUE">Geometry</attrtype><attwidth Sync="TRUE">0</attwidth><atprecis Sync="TRUE">0</atprecis><attscale Sync="TRUE">0</attscale></attr><attr><attrlabl>Shape_Leng</attrlabl><attrdef>Length of feature in internal units.</attrdef><attrdefs>ESRI</attrdefs><attrdomv><udom>Positive real numbers that are automatically generated.</udom></attrdomv><attalias Sync="TRUE">Shape_Leng</attalias><attrtype Sync="TRUE">Double</attrtype><attwidth Sync="TRUE">19</attwidth><atprecis Sync="TRUE">0</atprecis><attscale Sync="TRUE">0</attscale></attr><attr><attrlabl>Shape_Area</attrlabl><attrdef>Area of feature in internal units squared.</attrdef><attrdefs>ESRI</attrdefs><attrdomv><udom>Positive real numbers that are automatically generated.</udom></attrdomv><attalias Sync="TRUE">Shape_Area</attalias><attrtype Sync="TRUE">Double</attrtype><attwidth Sync="TRUE">19</attwidth><atprecis Sync="TRUE">0</atprecis><attscale Sync="TRUE">0</attscale></attr></detailed></eainfo><spref><horizsys><planar><planci><plance>coordinate pair</plance><coordrep><absres>0.000000008155898179040834</absres><ordres>0.000000008155898179040834</ordres></coordrep><plandu>Meter</plandu></planci></planar><geodetic><horizdn>D North American 1983</horizdn><ellips>GRS 1980</ellips><semiaxis>6378137.0</semiaxis><denflat>298.257222101</denflat></geodetic></horizsys></spref><mdChar><CharSetCd value="004"/></mdChar><dqInfo><report type="DQConcConsis" dimension=""><measDesc>The data were checked for topological errors. All errors were corrected resulting in a topologically clean dataset.</measDesc></report><report type="DQCompOm" dimension=""><measDesc>The data are thought to be complete; no data have been purposefully excluded. All areas known to encompass the Massachusetts coastal zone were included in these data with the exception of any areas that may fall under the following stipulation stated in the second paragraph of Appendix 2 of the October 2011 Policy Guide: "In isolated instances where the boundary line might exclude coastal resource area(s), these resources are included in the coastal zone although the written description follows the boundary line. Tidal rivers and adjacent uplands are included, at a minimum, to the extent of vegetation affected by measurably saline water. Anadromous fish runs are included, as well as their floodplains, to the freshwater breeding area, if such area is within a coastal town. Land owned or controlled by the federal government is excluded by law from the coastal zone."  Per Appendix 2 of the Policy Guide, "the actual boundary is 100 feet inland of the landward side of this line, with the exception of municipal boundaries, where the municipal boundary is the limit of the line." Since the landward side of the roads and rail lines could not be determined from the input data layers, a 100-foot landward buffer was created from the depicted road and rail center lines. When two lanes were shown on the roads layer (e.g., for a divided highway), the landward-most lane was used to create the buffer. Therefore, this dataset may not include the full 100-foot landward buffer of roads and rail lines since the buffer was drawn based on the center line rather than the landward side of roads and rail lines.</measDesc></report><report type="DQQuanAttAcc" dimension=""><measDesc>The Shape_Leng and Shape_Area attributes were calculated in meters and square meters, respectively, after all edits to the data had been made. </measDesc></report><report type="DQAbsExtPosAcc" dimension="horizontal"><measDesc>A horizontal accuracy report was not conducted for these data as horizontal accuracy values are not given for most of the input data layers (i.e., "Massachusetts Department of Transportation (MassDOT) Roads - October 2009," "Trains - April 2008," "Community Boundaries (Towns) from Survey Points - June 2004 (last update September 2009)," and "Massachusetts Lateral Boundaries"). </measDesc></report><dataLineage><prcStep><stepDesc>Coastal Zone Inshore Boundary: The coastal zone inshore boundary was created by following the verbal boundary description given in Appendix 2 of the October 2011 Massachusetts Office of Coastal Zone Management Policy Guide. Data sources used were MassDOT's "Massachusetts Department of Transportation (MassDOT) Roads - October 2009" data layer for streets and highways, the Central Transportation Planning Staff's "Trains - April 2008" data layer for railroad corridors, and MassGIS’s "Community Boundaries (Towns) from Survey Points - June 2004 (last update September 2009)" for inland municipal boundaries. In the absence of major roads, railroad corridors, and other visible rights-of-way, coordinates were specified in Appendix 2 to mark the inland boundary of the coastal zone and these coordinates were mapped in ArcGIS 10. Please note: Per Appendix 2, "the actual boundary is 100 feet inland of the landward side of this line, with the exception of municipal boundaries, where the municipal boundary is the limit of the line." Since the landward side of the road could not be determined from the MassDOT roads layer, a 100-foot landward buffer was created from the depicted road center line; when two lanes were shown on the MassDOT layer (e.g., for a divided highway), the landward-most lane was used to create the buffer. Similarly, since the landward side of the railroad corridor could not be determined from the Central Transportation Planning Staff data layer, a 100-foot landward buffer was created from the depicted center of the rail line.</stepDesc><stepDateTm>2010-10-29T00:00:00</stepDateTm><stepProc><rpOrgName>Massachusetts Office of Coastal Zone Management</rpOrgName><rpPosName>CZM Data Manager</rpPosName><role><RoleCd value="009"/></role><rpCntInfo><cntAddress addressType="both"><delPoint>251 Causeway Street, Suite 800</delPoint><city>Boston</city><adminArea>MA</adminArea><postCode>02114-2138</postCode><eMailAdd>czm@state.ma.us</eMailAdd><country>USA</country></cntAddress><cntPhone><voiceNum tddtty="">617-626-1200</voiceNum><faxNum>617-626-1240</faxNum></cntPhone><cntHours>0900 hrs to 1600 hrs EST</cntHours><cntInstr>email only</cntInstr></rpCntInfo></stepProc><stepSrc type="used"><srcCitatn><resAltTitle>MassDOT Roads</resAltTitle></srcCitatn></stepSrc><stepSrc type="used"><srcCitatn><resAltTitle>Trains</resAltTitle></srcCitatn></stepSrc><stepSrc type="used"><srcCitatn><resAltTitle>Community Boundaries</resAltTitle></srcCitatn></stepSrc></prcStep><dataSource type=""><srcDesc>This dataset was one of the sources used to create the coastal zone inshore boundary.</srcDesc><srcMedName><MedNameCd value="015"/></srcMedName><srcCitatn><resTitle>Massachusetts Department of Transportation (MassDOT) Roads - October 2009</resTitle><resAltTitle>MassDOT Roads</resAltTitle><date><pubDate>2009-10-01T00:00:00</pubDate></date><presForm><fgdcGeoform>vector digital data</fgdcGeoform></presForm><citRespParty><rpOrgName>Massachusetts Department of Transportation (MassDOT)</rpOrgName><role><RoleCd value="006"/></role></citRespParty></srcCitatn><srcExt><exDesc>publication date</exDesc><tempEle><TempExtent><exTemp><TM_Instant><tmPosition>2009-10-01T00:00:00</tmPosition></TM_Instant></exTemp></TempExtent></tempEle></srcExt></dataSource><dataSource type=""><srcDesc>This dataset was one of the sources used to create the coastal zone inshore boundary.</srcDesc><srcMedName><MedNameCd value="015"/></srcMedName><srcCitatn><resTitle>Trains - April 2008</resTitle><resAltTitle>Trains</resAltTitle><date><pubDate>2008-04-01T00:00:00</pubDate></date><presForm><fgdcGeoform>vector digital data</fgdcGeoform></presForm><citRespParty><rpOrgName>Central Transportation Planning Staff</rpOrgName><role><RoleCd value="006"/></role></citRespParty></srcCitatn><srcExt><exDesc>publication date</exDesc><tempEle><TempExtent><exTemp><TM_Instant><tmPosition>2008-04-01T00:00:00</tmPosition></TM_Instant></exTemp></TempExtent></tempEle></srcExt></dataSource><dataSource type=""><srcDesc>This dataset was one of the sources used to create the coastal zone inshore boundary.</srcDesc><srcMedName><MedNameCd value="015"/></srcMedName><srcCitatn><resTitle>Community Boundaries (Towns) from Survey Points - June 2004 (last update September 2009)</resTitle><resAltTitle>Community Boundaries</resAltTitle><date><pubDate>2009-09-01T00:00:00</pubDate></date><presForm><fgdcGeoform>vector digital data</fgdcGeoform></presForm><citRespParty><rpOrgName>Massachusetts Office of Geographic Information (MassGIS)</rpOrgName><role><RoleCd value="006"/></role></citRespParty></srcCitatn><srcExt><exDesc>publication date</exDesc><tempEle><TempExtent><exTemp><TM_Instant><tmPosition>2009-09-01T00:00:00</tmPosition></TM_Instant></exTemp></TempExtent></tempEle></srcExt></dataSource><dataSource type=""><srcDesc>This dataset was used to create the coastal zone lateral boundaries.</srcDesc><srcMedName><MedNameCd value="015"/></srcMedName><srcCitatn><resTitle>Massachusetts Lateral Boundaries</resTitle><date><pubDate>2009-06-19T00:00:00</pubDate></date><presForm><fgdcGeoform>vector digital data</fgdcGeoform></presForm><citRespParty><rpOrgName>Massachusetts Office of Coastal Zone Management (CZM)</rpOrgName><role><RoleCd value="006"/></role></citRespParty><resAltTitle>Lateral Boundaries</resAltTitle></srcCitatn><srcExt><exDesc>publication date</exDesc><tempEle><TempExtent><exTemp><TM_Instant><tmPosition>2009-06-19T00:00:00</tmPosition></TM_Instant></exTemp></TempExtent></tempEle></srcExt></dataSource><dataSource type=""><srcDesc>This dataset was used to create the coastal zone offshore boundary.</srcDesc><srcMedName><MedNameCd value="015"/></srcMedName><srcCitatn><resTitle>Atlantic NAD83 Submerged Lands Act Boundary</resTitle><resAltTitle>SLA Boundary</resAltTitle><date><pubDate>2010-10-05T00:00:00</pubDate></date><citRespParty><rpOrgName>Bureau of Ocean Energy Management, Mapping and Boundary Branch</rpOrgName><role><RoleCd value="006"/></role></citRespParty></srcCitatn><srcExt><exDesc>publication date</exDesc><tempEle><TempExtent><exTemp><TM_Instant><tmPosition>2010-10-05T00:00:00</tmPosition></TM_Instant></exTemp></TempExtent></tempEle></srcExt></dataSource><prcStep><stepDesc>Coastal Zone Lateral Boundaries: CZM's "Massachusetts Lateral Boundaries" data layer was used to create the lateral offshore boundaries between Massachusetts, New Hampshire, and Rhode Island.</stepDesc><stepSrc type="used"><srcCitatn><resAltTitle>Lateral Boundaries</resAltTitle></srcCitatn></stepSrc><stepDateTm>2010-10-29T00:00:00</stepDateTm><stepProc><rpOrgName>Massachusetts Office of Coastal Zone Management</rpOrgName><rpPosName>CZM Data Manager</rpPosName><rpCntInfo><cntAddress addressType="both"><delPoint>251 Causeway Street, Suite 800</delPoint><city>Boston</city><adminArea>MA</adminArea><postCode>02114-2138</postCode><eMailAdd>czm@state.ma.us</eMailAdd><country>USA</country></cntAddress><cntPhone><voiceNum tddtty="">617-626-1200</voiceNum><faxNum>617-626-1240</faxNum></cntPhone><cntHours>0900 hrs to 1600 hrs EST</cntHours><cntInstr>email only</cntInstr></rpCntInfo><role><RoleCd value="009"/></role></stepProc></prcStep><prcStep><stepDesc>Coastal Zone Offshore Boundary: The coastal zone offshore boundary was defined by the U.S. Bureau of Ocean Energy Management's (formerly Minerals Management Service) "Atlantic NAD83 Submerged Lands Act Boundary" layer that defines the offshore boundary between Commonwealth and Federal jurisdiction. These data can be downloaded from http://www.boem.gov/Oil-and-Gas-Energy-Program/Mapping-and-Data/Index.aspx.</stepDesc><stepSrc type="used"><srcCitatn><resAltTitle>SLA Boundary</resAltTitle></srcCitatn></stepSrc><stepDateTm>2010-10-29T00:00:00</stepDateTm><stepProc><rpOrgName>Massachusetts Office of Coastal Zone Management</rpOrgName><rpPosName>CZM Data Manager</rpPosName><rpCntInfo><cntAddress addressType="both"><delPoint>251 Causeway Street, Suite 800</delPoint><city>Boston</city><adminArea>MA</adminArea><postCode>02114-2138</postCode><eMailAdd>czm@state.ma.us</eMailAdd><country>USA</country></cntAddress><cntPhone><voiceNum tddtty="">617-626-1200</voiceNum><faxNum>617-626-1240</faxNum></cntPhone><cntHours>0900 hrs to 1600 hrs EST</cntHours><cntInstr>email only</cntInstr></rpCntInfo><role><RoleCd value="009"/></role></stepProc></prcStep><prcStep><stepDesc>Compilation: All boundary line data were merged, trimmed, dissolved, checked for topological errors, and then converted to a polygon.</stepDesc><stepDateTm>2010-10-29T00:00:00</stepDateTm><stepProc><rpOrgName>Massachusetts Office of Coastal Zone Management</rpOrgName><rpPosName>CZM Data Manager</rpPosName><rpCntInfo><cntAddress addressType="both"><delPoint>251 Causeway Street, Suite 800</delPoint><city>Boston</city><adminArea>MA</adminArea><postCode>02114-2138</postCode><eMailAdd>czm@state.ma.us</eMailAdd><country>USA</country></cntAddress><cntPhone><voiceNum tddtty="">617-626-1200</voiceNum><faxNum>617-626-1240</faxNum></cntPhone><cntHours>0900 hrs to 1600 hrs EST</cntHours><cntInstr>email only</cntInstr></rpCntInfo><role><RoleCd value="009"/></role></stepProc></prcStep></dataLineage></dqInfo><mdContact><rpOrgName>Massachusetts Office of Coastal Zone Management</rpOrgName><rpPosName>CZM Data Manager</rpPosName><rpCntInfo><cntAddress addressType="both"><delPoint>251 Causeway Street, Suite 800</delPoint><city>Boston</city><adminArea>MA</adminArea><postCode>02114-2138</postCode><eMailAdd>czm@state.ma.us</eMailAdd><country>USA</country></cntAddress><cntPhone><voiceNum tddtty="">617-626-1200</voiceNum><faxNum>617-626-1240</faxNum></cntPhone><cntHours>0900 hrs to 1600 hrs EST</cntHours><cntInstr>email only</cntInstr></rpCntInfo><role><RoleCd value="007"/></role></mdContact></metadata>
